<?xml version="1.0"?>

<adapters_conf id="CHAT">

  <!--
    Not all configuration options of an Adapter Set are exposed by this file.
    You can easily expand your configurations using the generic template,
    `DOCS-SDKs/sdk_adapter_java_inprocess/doc/adapter_conf_template/adapters.xml`,
    as a reference.
  -->

    <metadata_adapter_initialised_first>Y</metadata_adapter_initialised_first>

    <metadata_provider>

        <adapter_class>chat_demo.adapters.ChatMetadataAdapter</adapter_class>

        <!-- Optional for ChatMetadataAdapter.
             Configuration file for the Adapter's own logging.
             Logging is managed through log4j. -->
        <param name="log_config">adapters_log_conf.xml</param>
        <param name="log_config_refresh_seconds">10</param>

        <!-- Optional, managed by the inherited LiteralBasedProvider.
             See LiteralBasedProvider javadoc. -->
        <!--
        <param name="max_bandwidth">40</param>
        <param name="max_frequency">3</param>
        <param name="buffer_size">30</param>
        <param name="prefilter_frequency">5</param>
        <param name="allowed_users">user123,user456</param>
        -->
        <param name="distinct_snapshot_length">30</param>

        <!-- Optional, managed by the inherited LiteralBasedProvider.
             See LiteralBasedProvider javadoc. -->
        <param name="item_family_1">chat_room</param>
        <param name="modes_for_item_family_1">DISTINCT</param>

    </metadata_provider>


    <data_provider name="CHAT_ROOM">

        <adapter_class>chat_demo.adapters.ChatDataAdapter</adapter_class>

        <!-- Optional for ChatDataAdapter.
             Configuration file for the Adapter's own logging.
             Leans on the Metadata Adapter for the configuration refresh.
             Logging is managed through log4j. -->
        <param name="log_config">adapters_log_conf.xml</param>

        <!-- Optional for ChatDataAdapter.
             Configuration flag for periodic flush of the snapshot.
             Default: false. -->
        <param name="flush_snapshot">true</param>

        <!-- Optional for ChatDataAdapter.
             Configuration interval in millis for snapshot flush.
             Default: 30 minutes. -->
        <!-- <param name="flush_snapshot_interval">1800000</param> -->
    </data_provider>


</adapters_conf>